[{"name":"1010 Music","url":"https://reverb.com/brand/1010-music"},{"name":"1981 Inventions","url":"https://reverb.com/brand/1981-inventions"},{"name":"29 Pedals","url":"https://reverb.com/brand/29-pedals"},{"name":"2hp","url":"https://reverb.com/brand/2hp"},{"name":"3DWaves","url":"https://reverb.com/brand/3dwaves"},{"name":"3Leaf Audio","url":"https://reverb.com/brand/3leaf-audio"},{"name":"4MS","url":"https://reverb.com/brand/4ms"},{"name":"5Core","url":"https://reverb.com/brand/5core"},{"name":"920D Custom","url":"https://reverb.com/brand/920d-custom"},{"name":"A-Designs Audio","url":"https://reverb.com/brand/a-designs-audio-1"},{"name":"A/DA","url":"https://reverb.com/brand/a-slash-da"},{"name":"ADAM Audio","url":"https://reverb.com/brand/adam-audio"},{"name":"ADDAC System","url":"https://reverb.com/brand/addac-system"},{"name":"AEA","url":"https://reverb.com/brand/aea"},{"name":"AER","url":"https://reverb.com/brand/aer"},{"name":"AKG","url":"https://reverb.com/brand/akg"},{"name":"ALM/Busy Circuits","url":"https://reverb.com/brand/alm-slash-busy-circuits"},{"name":"AMS Neve","url":"https://reverb.com/brand/ams-neve"},{"name":"AMT Electronics","url":"https://reverb.com/brand/amt-electronics"},{"name":"API","url":"https://reverb.com/brand/api"},{"name":"ART","url":"https://reverb.com/brand/art"},{"name":"ASM","url":"https://reverb.com/brand/asm"},{"name":"Ableton","url":"https://reverb.com/brand/ableton"},{"name":"Abominable Electronics","url":"https://reverb.com/brand/abominable-electronics"},{"name":"Access","url":"https://reverb.com/brand/access"},{"name":"Acid Rain Technology","url":"https://reverb.com/brand/acid-rain-technology"},{"name":"Aclam Guitars","url":"https://reverb.com/brand/aclam-guitars"},{"name":"Acoustic","url":"https://reverb.com/brand/acoustic"},{"name":"Advanced Plating","url":"https://reverb.com/brand/advanced-plating"},{"name":"After Later Audio","url":"https://reverb.com/brand/after-later-audio"},{"name":"Aftermarket","url":"https://reverb.com/brand/aftermarket"},{"name":"Agile","url":"https://reverb.com/b/agile--17"},{"name":"Aguilar","url":"https://reverb.com/brand/aguilar"},{"name":"Ahead","url":"https://reverb.com/brand/ahead"},{"name":"Akai","url":"https://reverb.com/brand/akai"},{"name":"Alembic","url":"https://reverb.com/b/alembic--22"},{"name":"Alesis","url":"https://reverb.com/brand/alesis"},{"name":"Alexander Pedals","url":"https://reverb.com/brand/alexander-pedals"},{"name":"Alfred Music","url":"https://reverb.com/brand/alfred-music"},{"name":"All-Pedal","url":"https://reverb.com/brand/all-pedal"},{"name":"Allen & Heath","url":"https://reverb.com/brand/allen-and-heath-1"},{"name":"Allen Eden","url":"https://reverb.com/brand/allen-eden"},{"name":"Allparts","url":"https://reverb.com/b/allparts--25"},{"name":"Allsound","url":"https://reverb.com/brand/allsound"},{"name":"Alpha","url":"https://reverb.com/brand/alpha"},{"name":"Altec","url":"https://reverb.com/brand/altec"},{"name":"Alto Professional","url":"https://reverb.com/brand/alto-professional"},{"name":"Alvarez","url":"https://reverb.com/b/alvarez--27"},{"name":"American DJ","url":"https://reverb.com/brand/american-dj"},{"name":"American Loopers","url":"https://reverb.com/brand/american-loopers"},{"name":"American Recorder","url":"https://reverb.com/brand/american-recorder"},{"name":"AmpClamp USA","url":"https://reverb.com/brand/ampclamp-usa"},{"name":"Ampeg","url":"https://reverb.com/b/ampeg--31"},{"name":"Ampex","url":"https://reverb.com/brand/ampex"},{"name":"Amplified Parts","url":"https://reverb.com/brand/amplified-parts"},{"name":"Amptweaker","url":"https://reverb.com/brand/amptweaker"},{"name":"Analogman","url":"https://reverb.com/brand/analogman"},{"name":"Anasounds","url":"https://reverb.com/brand/anasounds"},{"name":"Angela Instruments","url":"https://reverb.com/brand/angela-instruments"},{"name":"Animals Pedal","url":"https://reverb.com/brand/animals-pedal"},{"name":"Antelope Audio","url":"https://reverb.com/brand/antelope-audio"},{"name":"Aphex","url":"https://reverb.com/brand/aphex"},{"name":"Apogee","url":"https://reverb.com/brand/apogee"},{"name":"Apple","url":"https://reverb.com/brand/apple"},{"name":"Aquarian","url":"https://reverb.com/brand/aquarian"},{"name":"Aria","url":"https://reverb.com/b/aria--37"},{"name":"Arion","url":"https://reverb.com/brand/arion"},{"name":"Art & Lutherie","url":"https://reverb.com/b/art-and-lutherie--11094"},{"name":"Artec","url":"https://reverb.com/brand/artec"},{"name":"Artist","url":"https://reverb.com/brand/artist"},{"name":"Arturia","url":"https://reverb.com/brand/arturia"},{"name":"Ashdown","url":"https://reverb.com/brand/ashdown"},{"name":"Ashly","url":"https://reverb.com/brand/ashly"},{"name":"Aston","url":"https://reverb.com/brand/aston"},{"name":"Atlas Sound","url":"https://reverb.com/brand/atlas-sound"},{"name":"Attak Pik","url":"https://reverb.com/brand/attak-pik"},{"name":"Audient","url":"https://reverb.com/brand/audient"},{"name":"Audio-Technica","url":"https://reverb.com/brand/audio-technica"},{"name":"AudioScape Engineering Co.","url":"https://reverb.com/brand/audioscape-engineering-co"},{"name":"Audix","url":"https://reverb.com/brand/audix"},{"name":"Auralex","url":"https://reverb.com/brand/auralex"},{"name":"Avalon","url":"https://reverb.com/brand/avalon"},{"name":"Avantone Pro","url":"https://reverb.com/brand/avantone-pro"},{"name":"Avid","url":"https://reverb.com/brand/avid"},{"name":"Aviom","url":"https://reverb.com/brand/aviom"},{"name":"AxLabs","url":"https://reverb.com/brand/axlabs"},{"name":"AxcessAbles","url":"https://reverb.com/brand/axcessables"},{"name":"Axe Heaven","url":"https://reverb.com/brand/axe-heaven"},{"name":"AxeMasters","url":"https://reverb.com/brand/axemasters"},{"name":"Axegrinderz Guitar Tone Products","url":"https://reverb.com/brand/axegrinderz-guitar-tone-products"},{"name":"B.C. Rich","url":"https://reverb.com/b/b-c-rich--47"},{"name":"BAE","url":"https://reverb.com/brand/bae"},{"name":"BASTL Instruments","url":"https://reverb.com/brand/bastl-instruments-2"},{"name":"BBE","url":"https://reverb.com/brand/bbe"},{"name":"BK Butler","url":"https://reverb.com/brand/bk-butler-3"},{"name":"Babicz","url":"https://reverb.com/brand/babicz"},{"name":"Bach","url":"https://reverb.com/brand/bach"},{"name":"Bad Cat","url":"https://reverb.com/brand/bad-cat"},{"name":"Bananana Effects","url":"https://reverb.com/brand/bananana-effects"},{"name":"Barber","url":"https://reverb.com/brand/barber"},{"name":"Bare Knuckle","url":"https://reverb.com/brand/bare-knuckle-pickups"},{"name":"Barefoot Buttons","url":"https://reverb.com/brand/barefoot-buttons"},{"name":"Bartolini","url":"https://reverb.com/brand/bartolini"},{"name":"Barton","url":"https://reverb.com/brand/barton"},{"name":"Barton Drums","url":"https://reverb.com/brand/barton-drums"},{"name":"Basic Audio","url":"https://reverb.com/brand/basic-audio"},{"name":"Bearfoot FX","url":"https://reverb.com/brand/bearfoot-fx"},{"name":"Beautiful Noise Effects","url":"https://reverb.com/brand/beautiful-noise-effects"},{"name":"Beetronics","url":"https://reverb.com/brand/beetronics"},{"name":"Befaco","url":"https://reverb.com/brand/befaco"},{"name":"Behringer","url":"https://reverb.com/brand/behringer"},{"name":"Benson Amps","url":"https://reverb.com/brand/benson-amps"},{"name":"Beyerdynamic","url":"https://reverb.com/brand/beyerdynamic"},{"name":"Big River Hardware","url":"https://reverb.com/brand/big-river-hardware"},{"name":"Bigsby","url":"https://reverb.com/brand/bigsby"},{"name":"Bill Lawrence","url":"https://reverb.com/b/bill-lawrence--60"},{"name":"Black Arts Toneworks","url":"https://reverb.com/brand/black-arts-toneworks"},{"name":"Black Lion Audio","url":"https://reverb.com/brand/black-lion-audio"},{"name":"Black Mountain","url":"https://reverb.com/brand/black-mountain"},{"name":"BlackZap","url":"https://reverb.com/brand/blackzap"},{"name":"Blackstar","url":"https://reverb.com/b/blackstar--64"},{"name":"BluGuitar","url":"https://reverb.com/brand/bluguitar"},{"name":"Blue","url":"https://reverb.com/brand/blue"},{"name":"Blue Chip","url":"https://reverb.com/brand/blue-chip"},{"name":"Blue Lantern","url":"https://reverb.com/brand/blue-lantern"},{"name":"Blueridge","url":"https://reverb.com/b/blueridge--68"},{"name":"BoardMods","url":"https://reverb.com/brand/boardmods"},{"name":"Bogner","url":"https://reverb.com/brand/bogner"},{"name":"Bondi Effects","url":"https://reverb.com/brand/bondi-effects"},{"name":"Boomerang","url":"https://reverb.com/brand/boomerang"},{"name":"Boredbrain Music","url":"https://reverb.com/brand/boredbrain-music"},{"name":"Bose","url":"https://reverb.com/brand/bose"},{"name":"Bosphorus","url":"https://reverb.com/brand/bosphorus"},{"name":"Boss","url":"https://reverb.com/b/boss--72"},{"name":"Boston","url":"https://reverb.com/brand/boston"},{"name":"Bourns","url":"https://reverb.com/brand/bourns"},{"name":"Breedlove","url":"https://reverb.com/b/breedlove--74"},{"name":"Brio","url":"https://reverb.com/brand/brio"},{"name":"British Pedal Company","url":"https://reverb.com/brand/british-pedal-company"},{"name":"Browne Amplification","url":"https://reverb.com/brand/browne-amplification"},{"name":"Buchla","url":"https://reverb.com/brand/buchla"},{"name":"Buffet Crampon","url":"https://reverb.com/brand/buffet-crampon"},{"name":"Bugera","url":"https://reverb.com/b/bugera--79"},{"name":"Buhr Electronics","url":"https://reverb.com/brand/buhr-electronics"},{"name":"Burl","url":"https://reverb.com/brand/burl"},{"name":"Burns","url":"https://reverb.com/b/burns--78"},{"name":"Burny","url":"https://reverb.com/b/burny--81"},{"name":"C.G. Conn","url":"https://reverb.com/brand/cg-conn-1"},{"name":"CAD","url":"https://reverb.com/brand/cad"},{"name":"CIOKS","url":"https://reverb.com/brand/cioks"},{"name":"CTS","url":"https://reverb.com/brand/cts"},{"name":"CalSynth","url":"https://reverb.com/brand/calsynth"},{"name":"Caline","url":"https://reverb.com/brand/caline"},{"name":"Callaham","url":"https://reverb.com/brand/callaham"},{"name":"Callaham Guitars","url":"https://reverb.com/brand/callaham-guitars"},{"name":"Canopus","url":"https://reverb.com/brand/canopus"},{"name":"Carl Martin","url":"https://reverb.com/brand/carl-martin"},{"name":"Carl's Custom Guitars","url":"https://reverb.com/brand/carl-s-custom-guitars"},{"name":"Caroline Guitar Company","url":"https://reverb.com/brand/caroline-guitar-company"},{"name":"Carr","url":"https://reverb.com/brand/carr"},{"name":"Carvin","url":"https://reverb.com/b/carvin--86"},{"name":"Cascade","url":"https://reverb.com/brand/cascade"},{"name":"Casio","url":"https://reverb.com/b/casio--87"},{"name":"Castline","url":"https://reverb.com/brand/castline"},{"name":"Catalinbread","url":"https://reverb.com/brand/catalinbread"},{"name":"Celestion","url":"https://reverb.com/brand/celestion"},{"name":"Ceriatone","url":"https://reverb.com/brand/ceriatone"},{"name":"Chandler Limited","url":"https://reverb.com/brand/chandler-limited"},{"name":"Chapman","url":"https://reverb.com/b/chapman--91"},{"name":"Charvel","url":"https://reverb.com/b/charvel--92"},{"name":"Chase Bliss Audio","url":"https://reverb.com/brand/chase-bliss-audio"},{"name":"Chase Tone","url":"https://reverb.com/brand/chase-tone"},{"name":"Chauvet","url":"https://reverb.com/brand/chauvet"},{"name":"Chibson","url":"https://reverb.com/brand/chibson"},{"name":"ChromaCast","url":"https://reverb.com/brand/chromacast"},{"name":"Ciat-Lonbarde","url":"https://reverb.com/brand/ciat-lonbarde-2"},{"name":"Classic Audio Products of IL","url":"https://reverb.com/brand/classic-audio-products-of-il-2"},{"name":"Cloud Microphones","url":"https://reverb.com/brand/cloud-microphones"},{"name":"Coles","url":"https://reverb.com/brand/coles"},{"name":"Collings","url":"https://reverb.com/b/collings-guitars--98"},{"name":"Collision Devices","url":"https://reverb.com/brand/collision-devices"},{"name":"Conn","url":"https://reverb.com/brand/conn"},{"name":"Control","url":"https://reverb.com/brand/control-1"},{"name":"Cooper FX","url":"https://reverb.com/brand/cooper-fx"},{"name":"Coppersound Pedals","url":"https://reverb.com/brand/coppersound-pedals-1"},{"name":"Cordoba","url":"https://reverb.com/b/cordoba--101"},{"name":"Cornerstone Music Gear","url":"https://reverb.com/brand/cornerstone-music-gear"},{"name":"Cort","url":"https://reverb.com/b/cort--102"},{"name":"Couch","url":"https://reverb.com/brand/couch"},{"name":"Countryman","url":"https://reverb.com/brand/countryman"},{"name":"Coveramp","url":"https://reverb.com/brand/coveramp-1"},{"name":"Cranborne Audio","url":"https://reverb.com/brand/cranborne-audio"},{"name":"Crate","url":"https://reverb.com/brand/crate"},{"name":"Crazy Tube Circuits","url":"https://reverb.com/brand/crazy-tube-circuits"},{"name":"Cre8Audio","url":"https://reverb.com/brand/cre8audio"},{"name":"Critter","url":"https://reverb.com/brand/critter"},{"name":"Critter & Guitari","url":"https://reverb.com/brand/critter-guitari"},{"name":"Crossrock","url":"https://reverb.com/brand/crossrock"},{"name":"Crown","url":"https://reverb.com/brand/crown"},{"name":"Crowther","url":"https://reverb.com/brand/crowther"},{"name":"Crumar","url":"https://reverb.com/brand/crumar"},{"name":"Cusack Music","url":"https://reverb.com/brand/cusack-music"},{"name":"Custom","url":"https://reverb.com/brand/custom"},{"name":"Custom Amp Covers","url":"https://reverb.com/brand/custom-amp-covers"},{"name":"D'Addario","url":"https://reverb.com/brand/daddario"},{"name":"D'Andrea","url":"https://reverb.com/brand/dandrea"},{"name":"D'Angelico","url":"https://reverb.com/b/d-angelico--114"},{"name":"DIY","url":"https://reverb.com/brand/diy"},{"name":"DOD","url":"https://reverb.com/brand/dod"},{"name":"DPA","url":"https://reverb.com/brand/dpa"},{"name":"DR","url":"https://reverb.com/brand/dr"},{"name":"DSM & Humboldt Electronics","url":"https://reverb.com/brand/dsm-and-humboldt-electronics"},{"name":"DV Mark","url":"https://reverb.com/brand/dv-mark"},{"name":"DW","url":"https://reverb.com/brand/dw"},{"name":"Danelectro","url":"https://reverb.com/b/danelectro--119"},{"name":"Dangerous Music","url":"https://reverb.com/brand/dangerous-music"},{"name":"Darkglass Electronics","url":"https://reverb.com/brand/darkglass-electronics"},{"name":"Dava","url":"https://reverb.com/brand/dava"},{"name":"Dave Smith Instruments","url":"https://reverb.com/brand/dave-smith-instruments"},{"name":"Dawner Prince","url":"https://reverb.com/brand/dawner-prince"},{"name":"DeArmond","url":"https://reverb.com/b/dearmond--127"},{"name":"Dean","url":"https://reverb.com/b/dean--124"},{"name":"Dean Markley","url":"https://reverb.com/brand/dean-markley"},{"name":"Death By Audio","url":"https://reverb.com/brand/death-by-audio"},{"name":"Decksaver","url":"https://reverb.com/brand/decksaver"},{"name":"Deering","url":"https://reverb.com/brand/deering"},{"name":"Demeter","url":"https://reverb.com/brand/demeter"},{"name":"Demon FX","url":"https://reverb.com/brand/demon-fx"},{"name":"Denon","url":"https://reverb.com/brand/denon"},{"name":"Devi Ever : FX","url":"https://reverb.com/brand/devi-ever-fx"},{"name":"DiMarzio","url":"https://reverb.com/brand/dimarzio"},{"name":"Diamond","url":"https://reverb.com/b/diamond--132"},{"name":"Diezel","url":"https://reverb.com/brand/diezel"},{"name":"DigiTech","url":"https://reverb.com/brand/digitech"},{"name":"Digidesign","url":"https://reverb.com/brand/digidesign"},{"name":"Dillion","url":"https://reverb.com/b/dillion--133"},{"name":"Dingwall","url":"https://reverb.com/b/dingwall--19275"},{"name":"Dirtywave","url":"https://reverb.com/brand/dirtywave"},{"name":"Disaster Area Designs","url":"https://reverb.com/brand/disaster-area-designs"},{"name":"Divine Noise","url":"https://reverb.com/brand/divine-noise"},{"name":"Dixon","url":"https://reverb.com/brand/dixon"},{"name":"Dobro","url":"https://reverb.com/brand/dobro"},{"name":"Doepfer","url":"https://reverb.com/brand/doepfer"},{"name":"Does it Doom","url":"https://reverb.com/brand/does-it-doom"},{"name":"Donner","url":"https://reverb.com/b/donner--139"},{"name":"Douglas","url":"https://reverb.com/brand/douglas"},{"name":"Dr. Scientist","url":"https://reverb.com/brand/dr-scientist"},{"name":"Dr. Z","url":"https://reverb.com/brand/dr-z-amps"},{"name":"Dragon Fire","url":"https://reverb.com/brand/dragon-fire"},{"name":"DragonMountain","url":"https://reverb.com/brand/dragonmountain"},{"name":"Drawmer","url":"https://reverb.com/brand/drawmer"},{"name":"Dreadbox","url":"https://reverb.com/brand/dreadbox"},{"name":"Dream Cymbals","url":"https://reverb.com/brand/dream-cymbals"},{"name":"DrumDial","url":"https://reverb.com/brand/drumdial"},{"name":"Drunk Beaver","url":"https://reverb.com/brand/drunk-beaver"},{"name":"DryBell","url":"https://reverb.com/brand/drybell"},{"name":"Duesenberg","url":"https://reverb.com/b/duesenberg--141"},{"name":"Dunable","url":"https://reverb.com/b/dunable--142"},{"name":"Dunlop","url":"https://reverb.com/brand/dunlop"},{"name":"Dusty Clouds","url":"https://reverb.com/brand/dusty-clouds"},{"name":"Dwarfcraft Devices","url":"https://reverb.com/brand/dwarfcraft-devices"},{"name":"dbx","url":"https://reverb.com/brand/dbx"},{"name":"ddrum","url":"https://reverb.com/brand/ddrum"},{"name":"de Lisle","url":"https://reverb.com/brand/de-lisle"},{"name":"E-MU Systems","url":"https://reverb.com/brand/e-mu-systems-2"},{"name":"EBS","url":"https://reverb.com/brand/ebs"},{"name":"EMG","url":"https://reverb.com/brand/emg"},{"name":"ESP","url":"https://reverb.com/b/esp--160"},{"name":"ESP LTD","url":"https://reverb.com/b/esp-ltd--161"},{"name":"ETC","url":"https://reverb.com/brand/etc"},{"name":"EVH","url":"https://reverb.com/b/evh--162"},{"name":"EYParts","url":"https://reverb.com/brand/eyparts"},{"name":"EarthQuaker Devices","url":"https://reverb.com/brand/earthquaker-devices"},{"name":"Earthworks","url":"https://reverb.com/brand/earthworks"},{"name":"Eastman","url":"https://reverb.com/b/eastman--145"},{"name":"Eastwood","url":"https://reverb.com/b/eastwood--146"},{"name":"Echo Fix","url":"https://reverb.com/brand/echo-fix"},{"name":"Eden Amplification","url":"https://reverb.com/brand/eden-amplification"},{"name":"Edwards","url":"https://reverb.com/b/edwards--148"},{"name":"Effectrode","url":"https://reverb.com/brand/effectrode"},{"name":"Egnater","url":"https://reverb.com/brand/egnater"},{"name":"Eko","url":"https://reverb.com/b/eko--150"},{"name":"Electra","url":"https://reverb.com/b/electra--151"},{"name":"Electric Eye Audio","url":"https://reverb.com/brand/electric-eye-audio"},{"name":"Electro-Harmonix","url":"https://reverb.com/brand/electro-harmonix"},{"name":"Electro-Harmonix / JHS","url":"https://reverb.com/brand/electro-harmonix-slash-jhs"},{"name":"Electro-Voice","url":"https://reverb.com/brand/electro-voice"},{"name":"Electronic Audio Experiments","url":"https://reverb.com/brand/electronic-audio-experiments"},{"name":"Elektron","url":"https://reverb.com/brand/elektron"},{"name":"Elite Core Audio","url":"https://reverb.com/brand/elite-core-audio"},{"name":"Elixir","url":"https://reverb.com/brand/elixir"},{"name":"Elmer Guitar","url":"https://reverb.com/brand/elmer-guitar"},{"name":"Elysia","url":"https://reverb.com/brand/elysia"},{"name":"Emerson","url":"https://reverb.com/brand/emerson"},{"name":"Eminence","url":"https://reverb.com/brand/eminence"},{"name":"Empirical Labs","url":"https://reverb.com/brand/empirical-labs"},{"name":"Empress","url":"https://reverb.com/brand/empress"},{"name":"Endorphin.es","url":"https://reverb.com/brand/endorphin-dot-es"},{"name":"Engl","url":"https://reverb.com/brand/engl"},{"name":"Ensoniq","url":"https://reverb.com/brand/ensoniq"},{"name":"Enya","url":"https://reverb.com/brand/enya"},{"name":"Epiphone","url":"https://reverb.com/b/epiphone--169"},{"name":"Erica Synths","url":"https://reverb.com/brand/erica-synths"},{"name":"Ernie Ball","url":"https://reverb.com/brand/ernie-ball"},{"name":"Ernie Ball Music Man","url":"https://reverb.com/b/ernie-ball-music-man--159"},{"name":"Evans","url":"https://reverb.com/brand/evans"},{"name":"Eventide","url":"https://reverb.com/brand/eventide"},{"name":"Evidence Audio","url":"https://reverb.com/brand/evidence-audio"},{"name":"Exotic Plectrums","url":"https://reverb.com/brand/exotic-plectrums"},{"name":"Expert Sleepers","url":"https://reverb.com/brand/expert-sleepers"},{"name":"FGN","url":"https://reverb.com/b/fgn--167"},{"name":"FMR Audio","url":"https://reverb.com/brand/fmr-audio"},{"name":"Faber","url":"https://reverb.com/brand/faber"},{"name":"Fairfield Circuitry","url":"https://reverb.com/brand/fairfield-circuitry"},{"name":"Falkonguitars","url":"https://reverb.com/brand/falkonguitars"},{"name":"Farm","url":"https://reverb.com/brand/farm"},{"name":"Fender","url":"https://reverb.com/b/fender--164"},{"name":"Fernandes","url":"https://reverb.com/b/fernandes--165"},{"name":"Firefly","url":"https://reverb.com/b/firefly--170"},{"name":"Fishman","url":"https://reverb.com/brand/fishman"},{"name":"Fix Pedalboards","url":"https://reverb.com/brand/fix-pedalboards-3"},{"name":"Fjord Fuzz","url":"https://reverb.com/brand/fjord-fuzz"},{"name":"Flamma","url":"https://reverb.com/brand/flamma"},{"name":"Fleor","url":"https://reverb.com/brand/fleor"},{"name":"Floyd Rose","url":"https://reverb.com/b/floyd-rose--173"},{"name":"Focal","url":"https://reverb.com/brand/focal"},{"name":"Focusrite","url":"https://reverb.com/brand/focusrite"},{"name":"Forney Custom","url":"https://reverb.com/brand/forney-custom"},{"name":"Fortin Amplification","url":"https://reverb.com/brand/fortin-amplification"},{"name":"Fostex","url":"https://reverb.com/brand/fostex"},{"name":"Fox Guitars","url":"https://reverb.com/brand/fox-guitars"},{"name":"Foxgear","url":"https://reverb.com/brand/foxgear"},{"name":"Fractal Audio","url":"https://reverb.com/brand/fractal-audio"},{"name":"Framus","url":"https://reverb.com/b/framus--174"},{"name":"Franklin","url":"https://reverb.com/brand/franklin"},{"name":"Frap Tools","url":"https://reverb.com/brand/frap-tools"},{"name":"Fredenstein","url":"https://reverb.com/brand/fredenstein"},{"name":"Free The Tone","url":"https://reverb.com/brand/free-the-tone"},{"name":"Friedman","url":"https://reverb.com/b/friedman--180"},{"name":"Frost Giant Electronics","url":"https://reverb.com/brand/frost-giant-electronics"},{"name":"Fryette","url":"https://reverb.com/brand/fryette"},{"name":"Fulltone","url":"https://reverb.com/brand/fulltone"},{"name":"Furch","url":"https://reverb.com/b/furch--11096"},{"name":"Furman","url":"https://reverb.com/brand/furman"},{"name":"FuzzLord","url":"https://reverb.com/brand/fuzzlord"},{"name":"Fuzzrocious","url":"https://reverb.com/brand/fuzzrocious"},{"name":"G&L","url":"https://reverb.com/b/g-and-l--182"},{"name":"G-Storm Electro","url":"https://reverb.com/brand/g-storm-electro"},{"name":"G.E","url":"https://reverb.com/brand/ge-3"},{"name":"G7th","url":"https://reverb.com/brand/g7th"},{"name":"GE General Electric","url":"https://reverb.com/brand/ge-general-electric"},{"name":"GFI System","url":"https://reverb.com/brand/gfi-system"},{"name":"GHS","url":"https://reverb.com/brand/ghs"},{"name":"Galaxy Audio","url":"https://reverb.com/brand/galaxy-audio"},{"name":"Gallien-Krueger","url":"https://reverb.com/brand/gallien-krueger"},{"name":"Gamechanger Audio","url":"https://reverb.com/brand/gamechanger-audio"},{"name":"GaryG's","url":"https://reverb.com/brand/garygs"},{"name":"Gator","url":"https://reverb.com/b/gator--189"},{"name":"Gavitt","url":"https://reverb.com/brand/gavitt"},{"name":"Gemeinhardt","url":"https://reverb.com/brand/gemeinhardt"},{"name":"Gemini","url":"https://reverb.com/brand/gemini"},{"name":"Genelec","url":"https://reverb.com/brand/genelec"},{"name":"General Vintage Tone","url":"https://reverb.com/b/general-vintage-tone--186"},{"name":"Genzler Amplification","url":"https://reverb.com/brand/genzler-amplification"},{"name":"George L's","url":"https://reverb.com/brand/george-ls"},{"name":"Getzen","url":"https://reverb.com/brand/getzen"},{"name":"Gibraltar","url":"https://reverb.com/brand/gibraltar"},{"name":"Gibson","url":"https://reverb.com/b/gibson--194"},{"name":"GigRig","url":"https://reverb.com/brand/gigrig"},{"name":"Glarry","url":"https://reverb.com/b/glarry--191"},{"name":"Godin","url":"https://reverb.com/b/godin--196"},{"name":"Gold Tone","url":"https://reverb.com/b/gold-tone--197"},{"name":"Golden Age Project","url":"https://reverb.com/brand/golden-age-project"},{"name":"Golden Gate","url":"https://reverb.com/brand/golden-gate"},{"name":"Goodrich Sound","url":"https://reverb.com/brand/goodrich-sound"},{"name":"Goodwood Audio","url":"https://reverb.com/brand/goodwood-audio"},{"name":"Gotoh","url":"https://reverb.com/brand/gotoh"},{"name":"Grace Design","url":"https://reverb.com/brand/grace-design"},{"name":"Gracey's","url":"https://reverb.com/brand/graceys"},{"name":"Graph Tech","url":"https://reverb.com/brand/graph-tech"},{"name":"Greco","url":"https://reverb.com/b/greco--206"},{"name":"Greer","url":"https://reverb.com/brand/greer"},{"name":"Gretsch","url":"https://reverb.com/b/gretsch--203"},{"name":"Griffin","url":"https://reverb.com/brand/griffin"},{"name":"Groove Tubes","url":"https://reverb.com/brand/groove-tubes"},{"name":"Grover","url":"https://reverb.com/brand/grover"},{"name":"Gruv Gear","url":"https://reverb.com/brand/gruv-gear"},{"name":"Guild","url":"https://reverb.com/b/guild--208"},{"name":"Guilford","url":"https://reverb.com/brand/guilford"},{"name":"Guitar Anatomy","url":"https://reverb.com/brand/guitar-anatomy"},{"name":"Guitar Madness","url":"https://reverb.com/brand/guitar-madness"},{"name":"Guitar Tools International","url":"https://reverb.com/brand/guitar-tools-international"},{"name":"GuitarHeads","url":"https://reverb.com/brand/guitarheads"},{"name":"Guitars Electric Ltd","url":"https://reverb.com/b/guitars-electric-ltd--210"},{"name":"GuitarsByDesign","url":"https://reverb.com/b/guitarsbydesign--212"},{"name":"Guptech","url":"https://reverb.com/brand/guptech"},{"name":"Guyatone","url":"https://reverb.com/b/guyatone--213"},{"name":"HONZ Tech","url":"https://reverb.com/brand/honz-tech"},{"name":"Hadean","url":"https://reverb.com/b/hadean--216"},{"name":"Hagstrom","url":"https://reverb.com/b/hagstrom--217"},{"name":"Hal Leonard","url":"https://reverb.com/brand/hal-leonard"},{"name":"Hamer","url":"https://reverb.com/b/hamer--219"},{"name":"Hammond","url":"https://reverb.com/brand/hammond"},{"name":"Handmade","url":"https://reverb.com/brand/handmade"},{"name":"Happy Nerding","url":"https://reverb.com/brand/happy-nerding"},{"name":"Harley Benton","url":"https://reverb.com/b/harley-benton--220"},{"name":"Harmony","url":"https://reverb.com/b/harmony--223"},{"name":"Hartke","url":"https://reverb.com/brand/hartke"},{"name":"Havok","url":"https://reverb.com/brand/havok"},{"name":"Headrush","url":"https://reverb.com/brand/headrush-1"},{"name":"Heather Brown Electronicals","url":"https://reverb.com/brand/heather-brown-electronicals"},{"name":"Heet","url":"https://reverb.com/brand/heet"},{"name":"Heil","url":"https://reverb.com/brand/heil-1"},{"name":"Henry Heller","url":"https://reverb.com/brand/henry-heller"},{"name":"Hercules","url":"https://reverb.com/brand/hercules"},{"name":"Heritage","url":"https://reverb.com/b/heritage--228"},{"name":"Heritage Audio","url":"https://reverb.com/brand/heritage-audio"},{"name":"Hermida Audio","url":"https://reverb.com/brand/hermida-audio"},{"name":"Hexinverter","url":"https://reverb.com/brand/hexinverter"},{"name":"Highwood","url":"https://reverb.com/brand/highwood"},{"name":"Hipshot","url":"https://reverb.com/brand/hipshot"},{"name":"Hiwatt","url":"https://reverb.com/brand/hiwatt"},{"name":"Hoagland Custom","url":"https://reverb.com/brand/hoagland-custom"},{"name":"Hofner","url":"https://reverb.com/b/hofner--225"},{"name":"Hohner","url":"https://reverb.com/b/hohner--229"},{"name":"Holeyboard Pedalboards","url":"https://reverb.com/brand/holeyboard-pedalboards"},{"name":"Hologram Electronics","url":"https://reverb.com/brand/hologram-electronics"},{"name":"Holton","url":"https://reverb.com/brand/holton"},{"name":"Hondo","url":"https://reverb.com/b/hondo--231"},{"name":"Horizon Devices","url":"https://reverb.com/brand/horizon-devices"},{"name":"Hosa","url":"https://reverb.com/brand/hosa"},{"name":"Hosco","url":"https://reverb.com/brand/hosco"},{"name":"Hotone","url":"https://reverb.com/brand/hotone"},{"name":"Hudson Electronics","url":"https://reverb.com/brand/hudson-electronics"},{"name":"Hughes & Kettner","url":"https://reverb.com/brand/hughes-kettner"},{"name":"Humes & Berg","url":"https://reverb.com/brand/humes-berg"},{"name":"Hungry Robot","url":"https://reverb.com/brand/hungry-robot"},{"name":"IK Multimedia","url":"https://reverb.com/brand/ik-multimedia"},{"name":"ISP Technologies","url":"https://reverb.com/brand/isp-technologies"},{"name":"Ibanez","url":"https://reverb.com/b/ibanez--234"},{"name":"Icon","url":"https://reverb.com/brand/icon"},{"name":"IdiotBox Effects","url":"https://reverb.com/brand/idiotbox-effects-1"},{"name":"Innovative Percussion","url":"https://reverb.com/brand/innovative-percussion-2"},{"name":"Instruo","url":"https://reverb.com/brand/instruo-1"},{"name":"Intellijel","url":"https://reverb.com/brand/intellijel"},{"name":"Interstellar Audio Machines","url":"https://reverb.com/brand/interstellar-audio-machines"},{"name":"IsoAcoustics","url":"https://reverb.com/brand/isoacoustics"},{"name":"Istanbul Agop","url":"https://reverb.com/brand/istanbul-agop"},{"name":"iConnectivity","url":"https://reverb.com/brand/iconnectivity"},{"name":"J. Rockett","url":"https://reverb.com/brand/j-rockett"},{"name":"JAM Pedals","url":"https://reverb.com/brand/jam-pedals"},{"name":"JAT Custom Guitar Parts","url":"https://reverb.com/brand/jat-custom-guitar-parts-1"},{"name":"JBL","url":"https://reverb.com/brand/jbl"},{"name":"JET","url":"https://reverb.com/b/jet--248"},{"name":"JHS","url":"https://reverb.com/brand/jhs"},{"name":"JJ Electronic","url":"https://reverb.com/brand/jj-electronic"},{"name":"JPTR FX","url":"https://reverb.com/brand/jptr-fx"},{"name":"JRR Pedals","url":"https://reverb.com/brand/jrr-pedals"},{"name":"Jackson","url":"https://reverb.com/b/jackson--241"},{"name":"Jackson Audio","url":"https://reverb.com/brand/jackson-audio"},{"name":"Jensen","url":"https://reverb.com/brand/jensen"},{"name":"Jet City","url":"https://reverb.com/b/jet-city--249"},{"name":"Jet Pedals","url":"https://reverb.com/brand/jet-pedals"},{"name":"Jetter","url":"https://reverb.com/brand/jetter"},{"name":"Jext Telez","url":"https://reverb.com/brand/jext-telez"},{"name":"JoMox","url":"https://reverb.com/brand/jomox"},{"name":"Joranalogue","url":"https://reverb.com/brand/joranalogue"},{"name":"Journey Instruments","url":"https://reverb.com/brand/journey-instruments"},{"name":"Joyo","url":"https://reverb.com/brand/joyo"},{"name":"Jupiter","url":"https://reverb.com/brand/jupiter"},{"name":"K D Paulus Guitar Parts","url":"https://reverb.com/brand/k-d-paulus-guitar-parts"},{"name":"K&K Sound","url":"https://reverb.com/brand/k-k-sound"},{"name":"K&M","url":"https://reverb.com/brand/k-and-m"},{"name":"KHDK Electronics","url":"https://reverb.com/brand/khdk-electronics"},{"name":"KMA Audio Machines","url":"https://reverb.com/brand/kma-audio-machines"},{"name":"KRK","url":"https://reverb.com/brand/krk"},{"name":"KSR Amplification","url":"https://reverb.com/brand/ksr-amplification"},{"name":"Kahler","url":"https://reverb.com/brand/kahler"},{"name":"Kala","url":"https://reverb.com/b/kala--19271"},{"name":"Kalamazoo","url":"https://reverb.com/b/kalamazoo--256"},{"name":"Kali Audio","url":"https://reverb.com/brand/kali-audio"},{"name":"Kawai","url":"https://reverb.com/b/kawai--260"},{"name":"Kay","url":"https://reverb.com/b/kay-musical-instruments--261"},{"name":"Keeley","url":"https://reverb.com/brand/keeley"},{"name":"Keith McMillen Instruments","url":"https://reverb.com/brand/keith-mcmillen-instruments"},{"name":"Kemper Amps","url":"https://reverb.com/brand/kemper-amps"},{"name":"Kent Armstrong","url":"https://reverb.com/brand/kent-armstrong"},{"name":"Kenton","url":"https://reverb.com/brand/kenton"},{"name":"Kenwood","url":"https://reverb.com/brand/kenwood"},{"name":"Kernom","url":"https://reverb.com/brand/kernom"},{"name":"Kiesel","url":"https://reverb.com/b/kiesel--264"},{"name":"King","url":"https://reverb.com/brand/king-1"},{"name":"King Tone Guitar","url":"https://reverb.com/brand/king-tone-guitar"},{"name":"Kingsley","url":"https://reverb.com/brand/kingsley"},{"name":"Klark Teknik","url":"https://reverb.com/brand/klark-teknik"},{"name":"Klipsch","url":"https://reverb.com/brand/klipsch"},{"name":"Klon","url":"https://reverb.com/brand/klon"},{"name":"Kluson","url":"https://reverb.com/brand/kluson"},{"name":"Knaggs","url":"https://reverb.com/b/knaggs--268"},{"name":"Korg","url":"https://reverb.com/brand/korg"},{"name":"Kramer","url":"https://reverb.com/b/kramer--272"},{"name":"Kurrent Electric","url":"https://reverb.com/brand/kurrent-electric"},{"name":"Kurzweil","url":"https://reverb.com/brand/kurzweil"},{"name":"Kustom","url":"https://reverb.com/brand/kustom"},{"name":"Kyser","url":"https://reverb.com/brand/kyser"},{"name":"L.P.","url":"https://reverb.com/brand/lp-3"},{"name":"LASE","url":"https://reverb.com/brand/lase"},{"name":"LR Baggs","url":"https://reverb.com/brand/lr-baggs"},{"name":"La Bella","url":"https://reverb.com/brand/la-bella"},{"name":"Lace","url":"https://reverb.com/b/lace--275"},{"name":"Lakland","url":"https://reverb.com/b/lakland--278"},{"name":"Lambertones","url":"https://reverb.com/brand/lambertones"},{"name":"Land Devices","url":"https://reverb.com/brand/land-devices"},{"name":"Laney","url":"https://reverb.com/brand/laney"},{"name":"Larrivee","url":"https://reverb.com/b/larrivee--281"},{"name":"Latin Percussion","url":"https://reverb.com/brand/latin-percussion"},{"name":"Lauten Audio","url":"https://reverb.com/brand/lauten-audio"},{"name":"Lava Cable","url":"https://reverb.com/brand/lava-cable"},{"name":"Lee Oskar","url":"https://reverb.com/brand/lee-oskar"},{"name":"Leedy","url":"https://reverb.com/brand/leedy"},{"name":"Legator","url":"https://reverb.com/b/legator--280"},{"name":"Legendary Tones","url":"https://reverb.com/brand/legendary-tones"},{"name":"Lehle","url":"https://reverb.com/brand/lehle"},{"name":"Lekato","url":"https://reverb.com/brand/lekato"},{"name":"Lemon","url":"https://reverb.com/brand/lemon"},{"name":"Leo Quan","url":"https://reverb.com/brand/leo-quan-1"},{"name":"Levy's","url":"https://reverb.com/brand/levy-s2"},{"name":"Lewitt","url":"https://reverb.com/brand/lewitt"},{"name":"Lexicon","url":"https://reverb.com/brand/lexicon"},{"name":"Lindell Audio","url":"https://reverb.com/brand/lindell-audio"},{"name":"Lindy Fralin","url":"https://reverb.com/brand/lindy-fralin"},{"name":"Line 6","url":"https://reverb.com/b/line-6--283"},{"name":"Little Labs","url":"https://reverb.com/brand/little-labs"},{"name":"Live Wire","url":"https://reverb.com/brand/live-wire"},{"name":"Lollar","url":"https://reverb.com/brand/lollar"},{"name":"Lone Wolf Audio","url":"https://reverb.com/brand/lone-wolf-audio"},{"name":"Lovepedal","url":"https://reverb.com/brand/lovepedal"},{"name":"Ludwig","url":"https://reverb.com/brand/ludwig"},{"name":"Luna","url":"https://reverb.com/b/luna--11097"},{"name":"Lynx","url":"https://reverb.com/brand/lynx"},{"name":"M-Audio","url":"https://reverb.com/brand/m-audio"},{"name":"MDB Covers","url":"https://reverb.com/brand/mdb-covers"},{"name":"MFB","url":"https://reverb.com/brand/mfb"},{"name":"MIDI Solutions","url":"https://reverb.com/brand/midi-solutions"},{"name":"MIJ","url":"https://reverb.com/brand/mij"},{"name":"MJT","url":"https://reverb.com/b/mjt--320"},{"name":"MOD","url":"https://reverb.com/brand/mod-1"},{"name":"MOTU","url":"https://reverb.com/brand/motu"},{"name":"MTD","url":"https://reverb.com/b/mtd--19274"},{"name":"MXL","url":"https://reverb.com/brand/mxl"},{"name":"MXR","url":"https://reverb.com/brand/mxr"},{"name":"Mackie","url":"https://reverb.com/brand/mackie"},{"name":"Mad Professor","url":"https://reverb.com/brand/mad-professor"},{"name":"Maestro","url":"https://reverb.com/b/maestro--295"},{"name":"Magma","url":"https://reverb.com/brand/magma"},{"name":"Magnatone","url":"https://reverb.com/b/magnatone--296"},{"name":"Make Noise","url":"https://reverb.com/brand/make-noise"},{"name":"Malekko","url":"https://reverb.com/brand/malekko"},{"name":"Manley Labs","url":"https://reverb.com/brand/manley-labs"},{"name":"MannMade USA","url":"https://reverb.com/brand/mannmade-usa"},{"name":"Mannequins","url":"https://reverb.com/brand/mannequins"},{"name":"Mapex","url":"https://reverb.com/brand/mapex"},{"name":"Marantz","url":"https://reverb.com/brand/marantz"},{"name":"Markbass","url":"https://reverb.com/brand/markbass-1"},{"name":"Marshall","url":"https://reverb.com/brand/marshall"},{"name":"Martin","url":"https://reverb.com/b/martin--306"},{"name":"Mastery","url":"https://reverb.com/brand/mastery"},{"name":"Matchless","url":"https://reverb.com/brand/matchless"},{"name":"Matthews Effects","url":"https://reverb.com/brand/matthews-effects"},{"name":"Maxon","url":"https://reverb.com/brand/maxon"},{"name":"Mayones","url":"https://reverb.com/b/mayones--309"},{"name":"McIntosh","url":"https://reverb.com/brand/mcintosh"},{"name":"Meinl","url":"https://reverb.com/brand/meinl"},{"name":"Mellotron","url":"https://reverb.com/brand/mellotron"},{"name":"Menatone","url":"https://reverb.com/brand/menatone"},{"name":"Meris","url":"https://reverb.com/brand/meris"},{"name":"Mesa Boogie","url":"https://reverb.com/brand/mesa-boogie"},{"name":"Michael Kelly","url":"https://reverb.com/b/michael-kelly--315"},{"name":"Michigan Synth Works","url":"https://reverb.com/brand/michigan-synth-works"},{"name":"Midas","url":"https://reverb.com/brand/midas"},{"name":"Mighty Mite","url":"https://reverb.com/brand/mighty-mite"},{"name":"Milkman","url":"https://reverb.com/brand/milkman"},{"name":"Mission Engineering","url":"https://reverb.com/brand/mission-engineering"},{"name":"Modal Electronics","url":"https://reverb.com/brand/modal-electronics"},{"name":"Moen","url":"https://reverb.com/brand/moen"},{"name":"Mogami","url":"https://reverb.com/brand/mogami"},{"name":"Mojave","url":"https://reverb.com/brand/mojave"},{"name":"Mojo Hand FX","url":"https://reverb.com/brand/mojo-hand-fx"},{"name":"MojoAxe","url":"https://reverb.com/brand/mojoaxe"},{"name":"Mojotone","url":"https://reverb.com/brand/mojotone"},{"name":"Mono","url":"https://reverb.com/brand/mono"},{"name":"Monome","url":"https://reverb.com/brand/monome"},{"name":"Monster","url":"https://reverb.com/brand/monster"},{"name":"Montreal Assembly","url":"https://reverb.com/brand/montreal-assembly"},{"name":"Monty's Guitars","url":"https://reverb.com/brand/montys-guitars"},{"name":"Mooer","url":"https://reverb.com/b/mooer--325"},{"name":"Moog","url":"https://reverb.com/brand/moog"},{"name":"Morgan Amplification","url":"https://reverb.com/brand/morgan-amplification"},{"name":"Morley","url":"https://reverb.com/brand/morley"},{"name":"Morningstar Engineering","url":"https://reverb.com/brand/morningstar-engineering"},{"name":"Mosky Audio","url":"https://reverb.com/brand/mosky-audio"},{"name":"Mosrite","url":"https://reverb.com/b/mosrite--328"},{"name":"Mr. Black","url":"https://reverb.com/brand/mr-black"},{"name":"Mu-Tron","url":"https://reverb.com/brand/mu-tron"},{"name":"Mullard","url":"https://reverb.com/brand/mullard"},{"name":"Music City Bridge","url":"https://reverb.com/brand/music-city-bridge"},{"name":"Music Man","url":"https://reverb.com/b/music-man--330"},{"name":"Music Nomad","url":"https://reverb.com/brand/music-nomad-1"},{"name":"Music Thing Modular","url":"https://reverb.com/brand/music-thing-modular"},{"name":"Musician Outfitters","url":"https://reverb.com/brand/musician-outfitters"},{"name":"Musiclily","url":"https://reverb.com/brand/musiclily"},{"name":"MusicomLab","url":"https://reverb.com/brand/musicomlab"},{"name":"Musikraft","url":"https://reverb.com/brand/musikraft"},{"name":"Mutable Instruments","url":"https://reverb.com/brand/mutable-instruments"},{"name":"Mythos Pedals","url":"https://reverb.com/brand/mythos-pedals"},{"name":"mLaval Guitar Parts","url":"https://reverb.com/brand/mlaval-guitar-parts"},{"name":"N/A","url":"https://reverb.com/brand/n-slash-a"},{"name":"NS Design","url":"https://reverb.com/b/ns-design--19276"},{"name":"Nady","url":"https://reverb.com/brand/nady"},{"name":"Nakamichi","url":"https://reverb.com/brand/nakamichi"},{"name":"Nash","url":"https://reverb.com/b/nash-guitars--333"},{"name":"National","url":"https://reverb.com/b/national--335"},{"name":"Native Instruments","url":"https://reverb.com/brand/native-instruments"},{"name":"Nektar","url":"https://reverb.com/brand/nektar"},{"name":"Neo Instruments","url":"https://reverb.com/brand/neo-instruments"},{"name":"Neumann","url":"https://reverb.com/brand/neumann"},{"name":"Neunaber Audio","url":"https://reverb.com/brand/neunaber-audio"},{"name":"Neural DSP","url":"https://reverb.com/brand/neural-dsp"},{"name":"Neutrik","url":"https://reverb.com/brand/neutrik"},{"name":"Neve","url":"https://reverb.com/brand/neve"},{"name":"NewOldSounds","url":"https://reverb.com/brand/newoldsounds"},{"name":"No Brand","url":"https://reverb.com/brand/no-brand-2"},{"name":"No Name","url":"https://reverb.com/brand/no-name"},{"name":"Nobels","url":"https://reverb.com/brand/nobels"},{"name":"Noise Engineering","url":"https://reverb.com/brand/noise-engineering"},{"name":"Nonlinearcircuits","url":"https://reverb.com/brand/nonlinearcircuits"},{"name":"Nord","url":"https://reverb.com/brand/nord"},{"name":"Nordstrand Audio","url":"https://reverb.com/brand/nordstrand-audio"},{"name":"Northwest Guitars","url":"https://reverb.com/brand/northwest-guitars"},{"name":"Novation","url":"https://reverb.com/brand/novation"},{"name":"Novo","url":"https://reverb.com/b/novo--339"},{"name":"NuX","url":"https://reverb.com/brand/nux"},{"name":"Numark","url":"https://reverb.com/brand/numark"},{"name":"OSP","url":"https://reverb.com/brand/osp"},{"name":"OTO Machines","url":"https://reverb.com/brand/oto-machines"},{"name":"Oberheim","url":"https://reverb.com/brand/oberheim"},{"name":"ObsidianWire","url":"https://reverb.com/brand/obsidianwire"},{"name":"Odyssey","url":"https://reverb.com/brand/odyssey"},{"name":"Oktava","url":"https://reverb.com/brand/oktava"},{"name":"Old Blood Noise Endeavors","url":"https://reverb.com/brand/old-blood-noise-endeavors"},{"name":"Olds","url":"https://reverb.com/brand/olds"},{"name":"On-Stage","url":"https://reverb.com/brand/on-stage"},{"name":"One Control","url":"https://reverb.com/brand/one-control"},{"name":"Orange","url":"https://reverb.com/brand/orange"},{"name":"Origin Effects","url":"https://reverb.com/brand/origin-effects"},{"name":"Ormsby","url":"https://reverb.com/b/ormsby--347"},{"name":"Ortega","url":"https://reverb.com/b/ortega--348"},{"name":"Ortofon","url":"https://reverb.com/brand/ortofon"},{"name":"Oscar Schmidt","url":"https://reverb.com/b/oscar-schmidt--351"},{"name":"Otto Link","url":"https://reverb.com/brand/otto-link-1"},{"name":"Outlaw Effects","url":"https://reverb.com/brand/outlaw-effects"},{"name":"Ovation","url":"https://reverb.com/b/ovation--352"},{"name":"PDP","url":"https://reverb.com/brand/pdp"},{"name":"PRS","url":"https://reverb.com/b/prs--365"},{"name":"Paiste","url":"https://reverb.com/brand/paiste"},{"name":"Palmer","url":"https://reverb.com/brand/palmer"},{"name":"Panasonic","url":"https://reverb.com/brand/panasonic"},{"name":"Parker","url":"https://reverb.com/b/parker--355"},{"name":"Partscaster","url":"https://reverb.com/brand/partscaster"},{"name":"PastFx","url":"https://reverb.com/brand/pastfx"},{"name":"Paul Cochrane","url":"https://reverb.com/brand/paul-cochrane"},{"name":"Pearl","url":"https://reverb.com/brand/pearl"},{"name":"Peavey","url":"https://reverb.com/b/peavey--360"},{"name":"Pedal Pawn","url":"https://reverb.com/brand/pedal-pawn"},{"name":"Pedal Python","url":"https://reverb.com/brand/pedal-python"},{"name":"PedalPCB","url":"https://reverb.com/brand/pedalpcb"},{"name":"PedalPalFx","url":"https://reverb.com/brand/pedalpalfx"},{"name":"Pedaltrain","url":"https://reverb.com/brand/pedaltrain"},{"name":"Penn Elcom","url":"https://reverb.com/brand/penn-elcom-1"},{"name":"Pepers' Pedals","url":"https://reverb.com/brand/pepers-pedals"},{"name":"Pergamon","url":"https://reverb.com/brand/pergamon"},{"name":"Pete Cornish","url":"https://reverb.com/brand/pete-cornish"},{"name":"Peterson","url":"https://reverb.com/brand/peterson"},{"name":"Pettyjohn Electronics","url":"https://reverb.com/brand/pettyjohn-electronics"},{"name":"Phil Jones","url":"https://reverb.com/brand/phil-jones"},{"name":"Philadelphia Luthier Tools & Supplies","url":"https://reverb.com/brand/philadelphia-luthier-tools-and-supplies-1"},{"name":"Philips","url":"https://reverb.com/brand/philips"},{"name":"Pickboy","url":"https://reverb.com/brand/pickboy"},{"name":"Pig Hog","url":"https://reverb.com/brand/pig-hog"},{"name":"Pignose","url":"https://reverb.com/b/pignose--362"},{"name":"Pigtronix","url":"https://reverb.com/brand/pigtronix"},{"name":"Pioneer","url":"https://reverb.com/brand/pioneer"},{"name":"Pittsburgh Modular","url":"https://reverb.com/brand/pittsburgh-modular"},{"name":"Pladask Elektrisk","url":"https://reverb.com/brand/pladask-elektrisk-1"},{"name":"Planet Waves","url":"https://reverb.com/brand/planet-waves"},{"name":"Poison Noises","url":"https://reverb.com/brand/poison-noises"},{"name":"Polyend","url":"https://reverb.com/brand/polyend"},{"name":"Pork Pie","url":"https://reverb.com/brand/pork-pie"},{"name":"Porter Pickups","url":"https://reverb.com/brand/porter-pickups"},{"name":"Positive Grid","url":"https://reverb.com/brand/positive-grid"},{"name":"PreSonus","url":"https://reverb.com/brand/presonus"},{"name":"Premier","url":"https://reverb.com/brand/premier"},{"name":"Pro-Mark","url":"https://reverb.com/brand/pro-mark"},{"name":"ProCo","url":"https://reverb.com/brand/proco"},{"name":"ProCraft","url":"https://reverb.com/brand/procraft"},{"name":"ProX","url":"https://reverb.com/brand/prox"},{"name":"Protec","url":"https://reverb.com/brand/protec"},{"name":"Protection Racket","url":"https://reverb.com/brand/protection-racket"},{"name":"Providence","url":"https://reverb.com/brand/providence"},{"name":"Pure Tone","url":"https://reverb.com/brand/pure-tone"},{"name":"Puresound","url":"https://reverb.com/brand/puresound"},{"name":"Q pickups","url":"https://reverb.com/brand/q-pickups-2"},{"name":"Q-Parts","url":"https://reverb.com/brand/q-parts-1"},{"name":"QSC","url":"https://reverb.com/brand/qsc-audio-products"},{"name":"Qu-Bit Electronix","url":"https://reverb.com/brand/qu-bit-electronix"},{"name":"Quik-Lok","url":"https://reverb.com/brand/quik-lok-2"},{"name":"Quilter","url":"https://reverb.com/brand/quilter"},{"name":"R2R Electric","url":"https://reverb.com/brand/r2r-electric"},{"name":"RCA","url":"https://reverb.com/brand/rca"},{"name":"RCF","url":"https://reverb.com/brand/rcf"},{"name":"RCO Pedals","url":"https://reverb.com/brand/rco-pedals"},{"name":"REVV","url":"https://reverb.com/brand/revv"},{"name":"RJM","url":"https://reverb.com/brand/rjm"},{"name":"RME","url":"https://reverb.com/brand/rme"},{"name":"RODE","url":"https://reverb.com/brand/rode"},{"name":"ROLI","url":"https://reverb.com/brand/roli-1"},{"name":"RTOM","url":"https://reverb.com/brand/rtom"},{"name":"Radial","url":"https://reverb.com/brand/radial"},{"name":"Railhammer","url":"https://reverb.com/brand/railhammer"},{"name":"Rainger FX","url":"https://reverb.com/brand/rainger-fx"},{"name":"Randall","url":"https://reverb.com/brand/randall"},{"name":"Rane","url":"https://reverb.com/brand/rane"},{"name":"Raw Vintage","url":"https://reverb.com/brand/raw-vintage"},{"name":"Real Life Relics","url":"https://reverb.com/brand/real-life-relics"},{"name":"Real McCoy Custom","url":"https://reverb.com/brand/real-mccoy-custom"},{"name":"Realistic","url":"https://reverb.com/brand/realistic"},{"name":"RebelRelic","url":"https://reverb.com/b/rebelrelic--371"},{"name":"Recording King","url":"https://reverb.com/b/recording-king--372"},{"name":"Recovery Effects","url":"https://reverb.com/brand/recovery-effects"},{"name":"Red Panda","url":"https://reverb.com/brand/red-panda"},{"name":"Red Witch","url":"https://reverb.com/brand/red-witch"},{"name":"Redco","url":"https://reverb.com/brand/redco"},{"name":"Reloop","url":"https://reverb.com/brand/reloop"},{"name":"Remo","url":"https://reverb.com/brand/remo"},{"name":"Reunion Blues","url":"https://reverb.com/brand/reunion-blues"},{"name":"Reverb","url":"https://reverb.com/brand/reverb"},{"name":"Reverend","url":"https://reverb.com/b/reverend--378"},{"name":"Rhodes","url":"https://reverb.com/brand/rhodes"},{"name":"RhythmTech","url":"https://reverb.com/brand/rhythmtech"},{"name":"Rickenbacker","url":"https://reverb.com/b/rickenbacker--381"},{"name":"Rico","url":"https://reverb.com/brand/rico"},{"name":"Right On Straps","url":"https://reverb.com/brand/right-on-straps"},{"name":"Rivera","url":"https://reverb.com/brand/rivera"},{"name":"Rivolta Guitars","url":"https://reverb.com/b/rivolta-guitars--383"},{"name":"Road Runner","url":"https://reverb.com/brand/road-runner"},{"name":"Roc N Soc","url":"https://reverb.com/brand/roc-n-soc-3"},{"name":"Rock Slide","url":"https://reverb.com/brand/rock-slide"},{"name":"RockRabbit","url":"https://reverb.com/brand/rockrabbit"},{"name":"Rockboard","url":"https://reverb.com/brand/rockboard"},{"name":"Rockford Sound","url":"https://reverb.com/brand/rockford-sound"},{"name":"Rockman","url":"https://reverb.com/brand/rockman"},{"name":"Rocktron","url":"https://reverb.com/brand/rocktron"},{"name":"Rockville","url":"https://reverb.com/brand/rockville"},{"name":"Roger Mayer","url":"https://reverb.com/brand/roger-mayer"},{"name":"Rogers","url":"https://reverb.com/brand/rogers"},{"name":"Rogue","url":"https://reverb.com/b/rogue--388"},{"name":"Roland","url":"https://reverb.com/b/roland--389"},{"name":"Rolls","url":"https://reverb.com/brand/rolls"},{"name":"Roosebeck","url":"https://reverb.com/brand/roosebeck"},{"name":"Ross","url":"https://reverb.com/brand/ross"},{"name":"Rossum Electro-Music","url":"https://reverb.com/brand/rossum-electro-music"},{"name":"Rotosound","url":"https://reverb.com/brand/rotosound"},{"name":"Rowin","url":"https://reverb.com/brand/rowin"},{"name":"Royer","url":"https://reverb.com/brand/royer"},{"name":"Ruby","url":"https://reverb.com/brand/ruby"},{"name":"Rupert Neve Designs","url":"https://reverb.com/brand/rupert-neve-designs"},{"name":"Ryra","url":"https://reverb.com/brand/ryra-1"},{"name":"SIB Electronics","url":"https://reverb.com/brand/sib-electronics"},{"name":"SKB","url":"https://reverb.com/b/skb--414"},{"name":"SME","url":"https://reverb.com/brand/sme"},{"name":"SONICAKE","url":"https://reverb.com/brand/sonicake"},{"name":"SPL","url":"https://reverb.com/brand/spl"},{"name":"SWR","url":"https://reverb.com/brand/swr"},{"name":"SX","url":"https://reverb.com/b/sx--442"},{"name":"Sabbadius","url":"https://reverb.com/brand/sabbadius"},{"name":"Sabian","url":"https://reverb.com/brand/sabian"},{"name":"Sadowsky","url":"https://reverb.com/b/sadowsky--397"},{"name":"Samick","url":"https://reverb.com/b/samick--400"},{"name":"Samson","url":"https://reverb.com/brand/samson"},{"name":"Sandberg","url":"https://reverb.com/b/sandberg--401"},{"name":"Sansui","url":"https://reverb.com/brand/sansui"},{"name":"Santa Cruz","url":"https://reverb.com/brand/santa-cruz"},{"name":"Saturnworks","url":"https://reverb.com/brand/saturnworks"},{"name":"Schaller","url":"https://reverb.com/brand/schaller"},{"name":"Schecter","url":"https://reverb.com/b/schecter--402"},{"name":"Seagull","url":"https://reverb.com/b/seagull--11101"},{"name":"Seismic Audio","url":"https://reverb.com/brand/seismic-audio"},{"name":"Selmer","url":"https://reverb.com/brand/selmer"},{"name":"Sennheiser","url":"https://reverb.com/brand/sennheiser"},{"name":"Sequential","url":"https://reverb.com/brand/sequential"},{"name":"Seydel","url":"https://reverb.com/brand/seydel"},{"name":"Seymour Duncan","url":"https://reverb.com/b/seymour-duncan--406"},{"name":"Shubb","url":"https://reverb.com/brand/shubb"},{"name":"Shure","url":"https://reverb.com/brand/shure"},{"name":"Sigma","url":"https://reverb.com/b/sigma--11102"},{"name":"Silvertone","url":"https://reverb.com/b/silvertone--412"},{"name":"Simmons","url":"https://reverb.com/brand/simmons"},{"name":"Simple Switch Effects","url":"https://reverb.com/brand/simple-switch-effects"},{"name":"Singular Sound","url":"https://reverb.com/brand/singular-sound"},{"name":"Sire","url":"https://reverb.com/b/sire--415"},{"name":"Skreddy","url":"https://reverb.com/brand/skreddy"},{"name":"Slate Digital","url":"https://reverb.com/brand/slate-digital"},{"name":"Slingerland","url":"https://reverb.com/brand/slingerland"},{"name":"Smallsound/Bigsound","url":"https://reverb.com/brand/smallsound-slash-bigsound"},{"name":"Smokin' Amp Co.","url":"https://reverb.com/brand/smokin-amp-co"},{"name":"Snark","url":"https://reverb.com/brand/snark"},{"name":"Snouse","url":"https://reverb.com/brand/snouse"},{"name":"Softube","url":"https://reverb.com/brand/softube"},{"name":"Solar Guitars","url":"https://reverb.com/b/solar-guitars--420"},{"name":"Soldano","url":"https://reverb.com/brand/soldano"},{"name":"Solid State Logic","url":"https://reverb.com/brand/solid-state-logic"},{"name":"SolidGoldFX","url":"https://reverb.com/brand/solidgoldfx"},{"name":"SoloDallas","url":"https://reverb.com/brand/solodallas"},{"name":"Soma Laboratory","url":"https://reverb.com/brand/soma-laboratory"},{"name":"Sonic Research","url":"https://reverb.com/brand/sonic-research"},{"name":"Sonicware","url":"https://reverb.com/brand/sonicware"},{"name":"Sonoclast","url":"https://reverb.com/brand/sonoclast"},{"name":"Sonor","url":"https://reverb.com/brand/sonor"},{"name":"Sony","url":"https://reverb.com/brand/sony"},{"name":"Souldier","url":"https://reverb.com/brand/souldier"},{"name":"Sound Devices","url":"https://reverb.com/brand/sound-devices-1"},{"name":"Sound Town","url":"https://reverb.com/brand/sound-town"},{"name":"Soundcraft","url":"https://reverb.com/brand/soundcraft"},{"name":"Source Audio","url":"https://reverb.com/brand/source-audio"},{"name":"Sovtek","url":"https://reverb.com/brand/sovtek"},{"name":"Soyuz Microphones","url":"https://reverb.com/brand/soyuz-microphones"},{"name":"Spaceman","url":"https://reverb.com/brand/spaceman"},{"name":"Spector","url":"https://reverb.com/b/spector--424"},{"name":"Sperzel","url":"https://reverb.com/brand/sperzel"},{"name":"Sprague","url":"https://reverb.com/brand/sprague"},{"name":"Square Plug","url":"https://reverb.com/brand/square-plug"},{"name":"Squarp Instruments","url":"https://reverb.com/brand/squarp-instruments"},{"name":"Squier","url":"https://reverb.com/b/squier--426"},{"name":"Stagg","url":"https://reverb.com/b/stagg--428"},{"name":"Stam Audio","url":"https://reverb.com/brand/stam-audio"},{"name":"Starr Guitar Systems","url":"https://reverb.com/brand/starr-guitar-systems"},{"name":"Steady State Fate","url":"https://reverb.com/brand/steady-state-fate"},{"name":"Steinberg","url":"https://reverb.com/brand/steinberg"},{"name":"Steinberger","url":"https://reverb.com/b/steinberger--430"},{"name":"Sterling","url":"https://reverb.com/b/sterling--429"},{"name":"StewMac","url":"https://reverb.com/brand/stewmac-2"},{"name":"Stewart-MacDonald","url":"https://reverb.com/brand/stewart-macdonald"},{"name":"Stomp Under Foot","url":"https://reverb.com/brand/stomp-under-foot"},{"name":"Stone Deaf FX","url":"https://reverb.com/brand/stone-deaf-fx"},{"name":"Strandberg Guitars","url":"https://reverb.com/b/strandberg-guitars--432"},{"name":"String Butler","url":"https://reverb.com/brand/string-butler"},{"name":"String Swing","url":"https://reverb.com/brand/string-swing"},{"name":"Stringjoy","url":"https://reverb.com/brand/stringjoy"},{"name":"Strukture","url":"https://reverb.com/brand/strukture"},{"name":"Strymon","url":"https://reverb.com/brand/strymon"},{"name":"Studiologic","url":"https://reverb.com/brand/studiologic-1"},{"name":"Subdecay","url":"https://reverb.com/brand/subdecay"},{"name":"Suhr","url":"https://reverb.com/b/suhr--437"},{"name":"Sunn","url":"https://reverb.com/brand/sunn"},{"name":"Super-Vee","url":"https://reverb.com/brand/super-vee"},{"name":"Supro","url":"https://reverb.com/b/supro--439"},{"name":"Surfy Industries","url":"https://reverb.com/brand/surfy-industries"},{"name":"Suzuki","url":"https://reverb.com/b/suzuki--441"},{"name":"Sweet Foot Pedals","url":"https://reverb.com/brand/sweet-foot-pedals"},{"name":"Switchcraft","url":"https://reverb.com/brand/switchcraft"},{"name":"Sylvania","url":"https://reverb.com/brand/sylvania"},{"name":"Symetrix","url":"https://reverb.com/brand/symetrix"},{"name":"Synergy","url":"https://reverb.com/brand/synergy"},{"name":"Synthesis Technology","url":"https://reverb.com/brand/synthesis-technology"},{"name":"Synthrotek","url":"https://reverb.com/brand/synthrotek"},{"name":"sE Electronics","url":"https://reverb.com/brand/se-electronics"},{"name":"T-Rex","url":"https://reverb.com/brand/t-rex"},{"name":"TASCAM","url":"https://reverb.com/brand/tascam"},{"name":"TC Electronic","url":"https://reverb.com/brand/tc-electronic"},{"name":"TC Helicon","url":"https://reverb.com/brand/tc-helicon"},{"name":"TEAC","url":"https://reverb.com/brand/teac-1"},{"name":"THD","url":"https://reverb.com/brand/thd"},{"name":"TKL","url":"https://reverb.com/brand/tkl"},{"name":"TV Jones","url":"https://reverb.com/b/tv-jones--470"},{"name":"Takaab","url":"https://reverb.com/brand/takaab"},{"name":"Takamine","url":"https://reverb.com/b/takamine--446"},{"name":"Tama","url":"https://reverb.com/brand/tama"},{"name":"Tanglewood","url":"https://reverb.com/b/tanglewood--11103"},{"name":"Taylor","url":"https://reverb.com/b/taylor-guitars--448"},{"name":"Tech 21","url":"https://reverb.com/brand/tech-21"},{"name":"Technics","url":"https://reverb.com/brand/technics"},{"name":"Teenage Engineering","url":"https://reverb.com/brand/teenage-engineering"},{"name":"Teisco","url":"https://reverb.com/b/teisco-guitars--449"},{"name":"Telefunken","url":"https://reverb.com/brand/telefunken"},{"name":"Temple Audio","url":"https://reverb.com/brand/temple-audio"},{"name":"Tesi","url":"https://reverb.com/brand/tesi"},{"name":"The GigRig","url":"https://reverb.com/brand/the-gigrig"},{"name":"The Loar","url":"https://reverb.com/b/the-loar--455"},{"name":"The Rock Slide","url":"https://reverb.com/brand/the-rock-slide"},{"name":"The STRATosphere","url":"https://reverb.com/brand/the-stratosphere"},{"name":"Thomastik-Infeld","url":"https://reverb.com/brand/thomastik-infeld"},{"name":"ThorpyFX","url":"https://reverb.com/brand/thorpyfx"},{"name":"ThroBak","url":"https://reverb.com/brand/throbak"},{"name":"Tiptop Audio","url":"https://reverb.com/brand/tiptop-audio"},{"name":"Toca","url":"https://reverb.com/brand/toca"},{"name":"Tokai","url":"https://reverb.com/b/tokai--460"},{"name":"Tom Anderson","url":"https://reverb.com/b/tom-anderson--461"},{"name":"Tone Bakery","url":"https://reverb.com/b/tone-bakery--462"},{"name":"Tone City","url":"https://reverb.com/brand/tone-city"},{"name":"Tone King","url":"https://reverb.com/brand/tone-king-amps"},{"name":"Tone Ninja","url":"https://reverb.com/brand/tone-ninja"},{"name":"Tone Tubby","url":"https://reverb.com/brand/tone-tubby"},{"name":"Tone Vise","url":"https://reverb.com/brand/tone-vise"},{"name":"TonePros","url":"https://reverb.com/brand/tonepros"},{"name":"ToneShaper","url":"https://reverb.com/brand/toneshaper"},{"name":"Tonerider","url":"https://reverb.com/brand/tonerider"},{"name":"Townsend Labs","url":"https://reverb.com/brand/townsend-labs"},{"name":"Trace Audio","url":"https://reverb.com/brand/trace-audio"},{"name":"Trace Elliot","url":"https://reverb.com/brand/trace-elliot"},{"name":"Traveler","url":"https://reverb.com/b/traveler--464"},{"name":"Traynor","url":"https://reverb.com/brand/traynor"},{"name":"Trick","url":"https://reverb.com/brand/trick"},{"name":"Tru-Fi","url":"https://reverb.com/brand/tru-fi"},{"name":"True custom shop","url":"https://reverb.com/brand/true-custom-shop"},{"name":"Truetone","url":"https://reverb.com/b/truetone--468"},{"name":"Tube-Tech","url":"https://reverb.com/brand/tube-tech-2"},{"name":"Tuki Covers","url":"https://reverb.com/brand/tuki-covers"},{"name":"Tung-Sol","url":"https://reverb.com/brand/tung-sol"},{"name":"Two Notes","url":"https://reverb.com/brand/two-notes"},{"name":"Two Rock","url":"https://reverb.com/brand/two-rock"},{"name":"Ultimate Support","url":"https://reverb.com/brand/ultimate-support"},{"name":"Unbranded","url":"https://reverb.com/brand/unbranded-1"},{"name":"Union Tube & Transistor","url":"https://reverb.com/brand/union-tube-and-transistor"},{"name":"Universal Audio","url":"https://reverb.com/brand/universal-audio"},{"name":"Univox","url":"https://reverb.com/b/univox--473"},{"name":"Unknown","url":"https://reverb.com/brand/unknown"},{"name":"Urei","url":"https://reverb.com/brand/urei-1"},{"name":"V-Picks","url":"https://reverb.com/brand/v-picks"},{"name":"VELCRO Brand","url":"https://reverb.com/brand/velcro_brand"},{"name":"VFE","url":"https://reverb.com/brand/vfe"},{"name":"VHT","url":"https://reverb.com/brand/vht"},{"name":"Valeton","url":"https://reverb.com/brand/valeton"},{"name":"Van Dyke/Harms","url":"https://reverb.com/brand/van-dyke-slash-harms"},{"name":"Vandoren","url":"https://reverb.com/brand/vandoren"},{"name":"Vanson","url":"https://reverb.com/brand/vanson"},{"name":"Various","url":"https://reverb.com/brand/various"},{"name":"Vater","url":"https://reverb.com/brand/vater"},{"name":"Vega Trem","url":"https://reverb.com/brand/vega-trem"},{"name":"Vemuram","url":"https://reverb.com/brand/vemuram"},{"name":"Verbos Electronics","url":"https://reverb.com/brand/verbos-electronics"},{"name":"Vermona","url":"https://reverb.com/brand/vermona"},{"name":"Vertex","url":"https://reverb.com/brand/vertex"},{"name":"Vibramate","url":"https://reverb.com/brand/vibramate"},{"name":"Vic Firth","url":"https://reverb.com/brand/vic-firth"},{"name":"Victory","url":"https://reverb.com/brand/victory"},{"name":"Victory Amps","url":"https://reverb.com/brand/victory-amps"},{"name":"Vintage","url":"https://reverb.com/b/vintage--485"},{"name":"Visual Sound","url":"https://reverb.com/brand/visual-sound"},{"name":"Vongon","url":"https://reverb.com/brand/vongon"},{"name":"Voodoo Lab","url":"https://reverb.com/brand/voodoo-lab"},{"name":"Vox","url":"https://reverb.com/b/vox--488"},{"name":"Vs Audio","url":"https://reverb.com/brand/vs-audio-1"},{"name":"W.D.","url":"https://reverb.com/brand/wd-3"},{"name":"WD Music","url":"https://reverb.com/brand/wd-music"},{"name":"WD MusicProducts","url":"https://reverb.com/brand/wd-musicproducts"},{"name":"WGS","url":"https://reverb.com/brand/wgs"},{"name":"WMD","url":"https://reverb.com/brand/wmd"},{"name":"Waldorf","url":"https://reverb.com/brand/waldorf"},{"name":"Walker & Williams","url":"https://reverb.com/brand/walker-and-williams"},{"name":"Walrus Audio","url":"https://reverb.com/brand/walrus-audio"},{"name":"Wampler","url":"https://reverb.com/brand/wampler"},{"name":"Warehouse Guitar Speakers","url":"https://reverb.com/brand/warehouse-guitar-speakers"},{"name":"Warm Audio","url":"https://reverb.com/brand/warm-audio"},{"name":"Warmoth","url":"https://reverb.com/b/warmoth--492"},{"name":"Warwick","url":"https://reverb.com/b/warwick--19273"},{"name":"Washburn","url":"https://reverb.com/b/washburn--494"},{"name":"Waterslide","url":"https://reverb.com/b/waterslide--495"},{"name":"Waverly","url":"https://reverb.com/brand/waverly"},{"name":"Waves","url":"https://reverb.com/brand/waves"},{"name":"Way Huge","url":"https://reverb.com/brand/way-huge"},{"name":"Weber","url":"https://reverb.com/brand/weber"},{"name":"Well-Hung","url":"https://reverb.com/brand/well-hung-1"},{"name":"Westone","url":"https://reverb.com/b/westone--497"},{"name":"Whirlwind","url":"https://reverb.com/brand/whirlwind"},{"name":"Wilkinson","url":"https://reverb.com/brand/wilkinson"},{"name":"Wilson Effects","url":"https://reverb.com/brand/wilson-effects"},{"name":"Wren and Cuff","url":"https://reverb.com/brand/wren-and-cuff"},{"name":"Wuhan","url":"https://reverb.com/brand/wuhan"},{"name":"Wurlitzer","url":"https://reverb.com/brand/wurlitzer"},{"name":"Xaoc Devices","url":"https://reverb.com/brand/xaoc-devices-1"},{"name":"Xotic","url":"https://reverb.com/b/xotic--505"},{"name":"Xvive","url":"https://reverb.com/brand/xvive"},{"name":"Yamaha","url":"https://reverb.com/b/yamaha--506"},{"name":"Zildjian","url":"https://reverb.com/brand/zildjian"},{"name":"Zoom","url":"https://reverb.com/brand/zoom"},{"name":"Zvex","url":"https://reverb.com/brand/zvex"}]